{
    "parsec_blackscholes": {
        "duration": 168.04404044151306,
        "end": 1653585107.5020459,
        "start": 1653584939.4580054
    },
    "parsec_cannel": {
        "duration": 241.1328616142273,
        "end": 1653584939.4579425,
        "start": 1653584698.3250809
    },
    "parsec_dedup": {
        "duration": 44.722667932510376,
        "end": 1653585280.6184082,
        "start": 1653585235.8957403
    },
    "parsec_ferret": {
        "duration": 563.6980595588684,
        "end": 1653584361.3939576,
        "start": 1653583797.695898
    },
    "parsec_fft": {
        "duration": 128.3935546875,
        "end": 1653585235.8956604,
        "start": 1653585107.5021057
    },
    "parsec_freqmine": {
        "duration": 336.93100214004517,
        "end": 1653584698.3250215,
        "start": 1653584361.3940194
    },
    "total": {
        "duration": 1482.9225912094116,
        "end": 1653585280.6184611,
        "start": 1653583797.69587
    }
}