{
    "ferret_l1i": 34.004,
    "dedup_l2": 76.225,
    "blackscholes_membw": 356.635,
    "dedup_membw": 102.132,
    "freqmine_membw": 9.379,
    "canneal_none": 12.097,
    "canneal_llc": 26.626,
    "canneal_cpu": 16.306,
    "fft_llc": 17.38,
    "dedup_l1i": 135.127,
    "fft_cpu": 10.619,
    "fft_l1d": 10.468,
    "ferret_membw": 26.017,
    "canneal_l2": 16.551,
    "blackscholes_none": 250.77100000000002,
    "canneal_l1d": 16.469,
    "freqmine_none": 6.158,
    "ferret_none": 12.207,
    "freqmine_l1i": 12.568,
    "freqmine_l2": 6.512,
    "fft_l2": 10.537,
    "blackscholes_l1i": 477.882,
    "blackscholes_l1d": 351.279,
    "ferret_llc": 33.414,
    "ferret_cpu": 23.612,
    "freqmine_l1d": 6.513,
    "ferret_l2": 12.889,
    "canneal_l1i": 20.854,
    "dedup_none": 61.038,
    "blackscholes_l2": 345.352,
    "dedup_cpu": 91.824,
    "fft_l1i": 15.839,
    "dedup_llc": 132.705,
    "dedup_l1d": 76.07300000000001,
    "fft_none": 8.035,
    "fft_membw": 12.482,
    "freqmine_cpu": 12.341,
    "freqmine_llc": 11.539,
    "canneal_membw": 18.391,
    "blackscholes_cpu": 357.162,
    "ferret_l1d": 13.541,
    "blackscholes_llc": 432.783
}