{
    "ferret": {
        "l1i": 2.7856148111739163,
        "membw": 2.131318096174326,
        "none": 1.0,
        "llc": 2.7372818874416316,
        "cpu": 1.9342999918079788,
        "l2": 1.0558695830261324,
        "l1d": 1.109281559760793
    },
    "dedup": {
        "l2": 1.2488122153412629,
        "membw": 1.673252727808906,
        "l1i": 2.213817621809365,
        "none": 1.0,
        "cpu": 1.5043743241914873,
        "llc": 2.174137422589207,
        "l1d": 1.246321963367083
    },
    "blackscholes": {
        "membw": 1.4221540768270653,
        "none": 1.0,
        "l1i": 1.9056509724011148,
        "l1d": 1.4007959453046803,
        "l2": 1.377160835981832,
        "cpu": 1.4242555957427292,
        "llc": 1.725809603183781
    },
    "freqmine": {
        "membw": 1.5230594348814548,
        "none": 1.0,
        "l1i": 2.040922377395258,
        "l2": 1.0574861968171483,
        "l1d": 1.0576485872036374,
        "cpu": 2.0040597596622276,
        "llc": 1.8738226696979536
    },
    "canneal": {
        "none": 1.0,
        "llc": 2.2010415805571633,
        "cpu": 1.3479375051665703,
        "l2": 1.3681904604447384,
        "l1d": 1.361411920310821,
        "l1i": 1.7238984872282384,
        "membw": 1.5202942878399601
    },
    "fft": {
        "llc": 2.163036714374611,
        "cpu": 1.3215930304915993,
        "l1d": 1.3028002489110142,
        "l2": 1.3113876789047916,
        "l1i": 1.9712507778469197,
        "none": 1.0,
        "membw": 1.5534536403235841
    }
}