{
    "parsec_blackscholes": {
        "duration": 170.77729845046997,
        "end": 1653506524.8699377,
        "start": 1653506354.0926392
    },
    "parsec_cannel": {
        "duration": 252.1743037700653,
        "end": 1653506354.092579,
        "start": 1653506101.918275
    },
    "parsec_dedup": {
        "duration": 43.840920209884644,
        "end": 1653506701.828286,
        "start": 1653506657.9873657
    },
    "parsec_ferret": {
        "duration": 550.1503887176514,
        "end": 1653505795.9863474,
        "start": 1653505245.8359587
    },
    "parsec_fft": {
        "duration": 133.11730241775513,
        "end": 1653506657.9873013,
        "start": 1653506524.869999
    },
    "parsec_freqmine": {
        "duration": 305.9317674636841,
        "end": 1653506101.9182088,
        "start": 1653505795.9864414
    },
    "total": {
        "duration": 1455.9924359321594,
        "end": 1653506701.8283646,
        "start": 1653505245.8359287
    }
}