{
    "parsec_blackscholes": {
        "duration": 169.83870840072632,
        "end": 1653504839.5075617,
        "start": 1653504669.6688533
    },
    "parsec_cannel": {
        "duration": 260.5712773799896,
        "end": 1653504669.668769,
        "start": 1653504409.0974915
    },
    "parsec_dedup": {
        "duration": 45.75091552734375,
        "end": 1653505020.8589957,
        "start": 1653504975.1080801
    },
    "parsec_ferret": {
        "duration": 545.9146912097931,
        "end": 1653504102.5508852,
        "start": 1653503556.636194
    },
    "parsec_fft": {
        "duration": 135.60031819343567,
        "end": 1653504975.1079998,
        "start": 1653504839.5076816
    },
    "parsec_freqmine": {
        "duration": 306.5464813709259,
        "end": 1653504409.097423,
        "start": 1653504102.5509417
    },
    "total": {
        "duration": 1464.2228858470917,
        "end": 1653505020.8590503,
        "start": 1653503556.6361644
    }
}