{
    "parsec_blackscholes": {
        "duration": 173.069344997406,
        "end": 1653508203.588353,
        "start": 1653508030.519008
    },
    "parsec_cannel": {
        "duration": 264.78745007514954,
        "end": 1653508030.5189352,
        "start": 1653507765.7314851
    },
    "parsec_dedup": {
        "duration": 46.8634147644043,
        "end": 1653508377.4833744,
        "start": 1653508330.6199596
    },
    "parsec_ferret": {
        "duration": 546.0081269741058,
        "end": 1653507456.729064,
        "start": 1653506910.720937
    },
    "parsec_fft": {
        "duration": 127.03147745132446,
        "end": 1653508330.619894,
        "start": 1653508203.5884166
    },
    "parsec_freqmine": {
        "duration": 309.0021572113037,
        "end": 1653507765.7313147,
        "start": 1653507456.7291574
    },
    "total": {
        "duration": 1466.7625937461853,
        "end": 1653508377.4835005,
        "start": 1653506910.7209067
    }
}