{
    "canneal": {
        "12": 2.569207538728259,
        "1": 1.0,
        "3": 2.042984111252994,
        "6": 2.4815186356971988
    },
    "freqmine": {
        "3": 2.9221595487510075,
        "1": 1.0,
        "6": 4.33215641508933,
        "12": 4.610438287533197
    },
    "dedup": {
        "12": 1.2990831729308074,
        "6": 2.3319239861793055,
        "3": 2.4757698619557873,
        "1": 1.0
    },
    "fft": {
        "1": 1.0
    },
    "blackscholes": {
        "3": 2.5610091170226053,
        "1": 1.0,
        "12": 3.9600251050065176,
        "6": 3.5073475961744034
    },
    "ferret": {
        "12": 3.9991958437820734,
        "6": 3.862212730301141,
        "1": 1.0,
        "3": 2.8149251508155206
    }
}