{
    "parsec_blackscholes": {
        "duration": 160.92010879516602,
        "end": 1653576714.6763625,
        "start": 1653576553.7562537
    },
    "parsec_cannel": {
        "duration": 239.10247206687927,
        "end": 1653576553.7561896,
        "start": 1653576314.6537175
    },
    "parsec_dedup": {
        "duration": 47.228272676467896,
        "end": 1653576889.9862783,
        "start": 1653576842.7580056
    },
    "parsec_ferret": {
        "duration": 542.9383726119995,
        "end": 1653575988.063192,
        "start": 1653575445.1248193
    },
    "parsec_fft": {
        "duration": 128.08142709732056,
        "end": 1653576842.7578785,
        "start": 1653576714.6764514
    },
    "parsec_freqmine": {
        "duration": 326.5904083251953,
        "end": 1653576314.6536536,
        "start": 1653575988.0632453
    },
    "total": {
        "duration": 1444.8615448474884,
        "end": 1653576889.986335,
        "start": 1653575445.1247902
    }
}