{
    "parsec_blackscholes": {
        "duration": 165.45368909835815,
        "end": 1653581038.0749488,
        "start": 1653580872.6212597
    },
    "parsec_cannel": {
        "duration": 231.60792756080627,
        "end": 1653580872.6212053,
        "start": 1653580641.0132778
    },
    "parsec_dedup": {
        "duration": 47.44890475273132,
        "end": 1653581221.5368428,
        "start": 1653581174.087938
    },
    "parsec_ferret": {
        "duration": 547.2270858287811,
        "end": 1653580318.2709465,
        "start": 1653579771.0438607
    },
    "parsec_fft": {
        "duration": 136.01286363601685,
        "end": 1653581174.0878665,
        "start": 1653581038.075003
    },
    "parsec_freqmine": {
        "duration": 322.74215865135193,
        "end": 1653580641.0131671,
        "start": 1653580318.2710085
    },
    "total": {
        "duration": 1450.4930639266968,
        "end": 1653581221.536897,
        "start": 1653579771.043833
    }
}