{
    "parsec_blackscholes": {
        "duration": 160.80994033813477,
        "end": 1653583071.6351418,
        "start": 1653582910.8252015
    },
    "parsec_cannel": {
        "duration": 239.42450666427612,
        "end": 1653582910.8251185,
        "start": 1653582671.4006119
    },
    "parsec_dedup": {
        "duration": 51.342278480529785,
        "end": 1653583249.8752177,
        "start": 1653583198.5329392
    },
    "parsec_ferret": {
        "duration": 540.1730954647064,
        "end": 1653582343.0575962,
        "start": 1653581802.8845007
    },
    "parsec_fft": {
        "duration": 126.89768242835999,
        "end": 1653583198.5328808,
        "start": 1653583071.6351984
    },
    "parsec_freqmine": {
        "duration": 328.3428466320038,
        "end": 1653582671.400497,
        "start": 1653582343.0576503
    },
    "total": {
        "duration": 1446.9907982349396,
        "end": 1653583249.8752685,
        "start": 1653581802.8844702
    }
}