{
    "parsec_blackscholes": {
        "duration": 166.6738624572754,
        "end": 1653509990.5840003,
        "start": 1653509823.910138
    },
    "parsec_cannel": {
        "duration": 263.0452299118042,
        "end": 1653509823.9099574,
        "start": 1653509560.8647275
    },
    "parsec_dedup": {
        "duration": 42.83894419670105,
        "end": 1653510161.4994278,
        "start": 1653510118.6604836
    },
    "parsec_ferret": {
        "duration": 533.1972534656525,
        "end": 1653509238.8315613,
        "start": 1653508705.6343079
    },
    "parsec_fft": {
        "duration": 128.0763554573059,
        "end": 1653510118.6604276,
        "start": 1653509990.584072
    },
    "parsec_freqmine": {
        "duration": 322.0329792499542,
        "end": 1653509560.864674,
        "start": 1653509238.8316948
    },
    "total": {
        "duration": 1455.8652024269104,
        "end": 1653510161.4994798,
        "start": 1653508705.6342773
    }
}