{
    "parsec_blackscholes": {
        "duration": 159.44187211990356,
        "end": 1653513184.4768124,
        "start": 1653513025.0349402
    },
    "parsec_cannel": {
        "duration": 255.56979322433472,
        "end": 1653513025.0347536,
        "start": 1653512769.4649603
    },
    "parsec_dedup": {
        "duration": 43.193076372146606,
        "end": 1653513352.6021514,
        "start": 1653513309.409075
    },
    "parsec_ferret": {
        "duration": 526.7389121055603,
        "end": 1653512445.425171,
        "start": 1653511918.6862588
    },
    "parsec_fft": {
        "duration": 124.93208813667297,
        "end": 1653513309.408965,
        "start": 1653513184.476877
    },
    "parsec_freqmine": {
        "duration": 324.0396463871002,
        "end": 1653512769.4648967,
        "start": 1653512445.4252503
    },
    "total": {
        "duration": 1433.915976524353,
        "end": 1653513352.6022053,
        "start": 1653511918.6862288
    }
}