{
    "parsec_blackscholes": {
        "duration": 155.14875841140747,
        "end": 1653511574.2573512,
        "start": 1653511419.1085927
    },
    "parsec_cannel": {
        "duration": 253.05026245117188,
        "end": 1653511419.108527,
        "start": 1653511166.0582645
    },
    "parsec_dedup": {
        "duration": 44.96255397796631,
        "end": 1653511741.9525466,
        "start": 1653511696.9899926
    },
    "parsec_ferret": {
        "duration": 524.6728808879852,
        "end": 1653510848.9004252,
        "start": 1653510324.2275443
    },
    "parsec_fft": {
        "duration": 122.73251342773438,
        "end": 1653511696.9899318,
        "start": 1653511574.2574184
    },
    "parsec_freqmine": {
        "duration": 317.15768694877625,
        "end": 1653511166.058205,
        "start": 1653510848.900518
    },
    "total": {
        "duration": 1417.7250792980194,
        "end": 1653511741.952596,
        "start": 1653510324.2275167
    }
}